insert into library (id, name) values (0, 'Biblioteka Główna');
insert into library (id, name) values (1, 'Biblioteka Miejska');
insert into library (id, name) values (2, 'Filia Wałbrzych');
insert into library (id, name) values (3, 'Filia Kraków');

insert into book (id, title, library) values (4, 'Pierwsza książka', 0);
insert into book (id, title, library) values (5, 'Druga książka', 1);
insert into book (id, title, library) values (6, 'Trzecia książka', 2);
insert into book (id, title, library) values (7, 'Saga Tom 1', 3);
insert into book (id, title, library) values (8, 'Saga Tom 2', 0);
insert into book (id, title, library) values (9, 'Trylogia Tom 1', 1);
insert into book (id, title, library) values (10, 'Trylogia Tom 2', 2);
insert into book (id, title, library) values (11, 'Trylogia Tom 3', 3);
insert into book (id, title, library) values (12, 'Saga Tom 3', 0);
insert into book (id, title, library) values (13, 'Nowa książka', 1);
insert into book (id, title, library) values (14, 'Pierwsze Wydanie', 2);
insert into book (id, title, library) values (15, 'Drugie Wydanie', 3);

insert into author (id, first_name, last_name) values (16, 'Jan', 'Kowalski');
insert into author (id, first_name, last_name) values (17, 'Zbigniew', 'Nowak');
insert into author (id, first_name, last_name) values (18, 'Janusz', 'Jankowski');
insert into author (id, first_name, last_name) values (19, 'Andrzej', 'Nowakowski');
insert into author (id, first_name, last_name) values (20, 'Piotr', 'Andrzejewski');

insert into book_author(book_id, author_id) values (4, 16);
insert into book_author(book_id, author_id) values (5, 16);
insert into book_author(book_id, author_id) values (6, 16);
insert into book_author(book_id, author_id) values (7, 17);
insert into book_author(book_id, author_id) values (8, 17);
insert into book_author(book_id, author_id) values (9, 18);
insert into book_author(book_id, author_id) values (10, 18);
insert into book_author(book_id, author_id) values (11, 18);
insert into book_author(book_id, author_id) values (12, 17);
insert into book_author(book_id, author_id) values (13, 16);
insert into book_author(book_id, author_id) values (14, 19);
insert into book_author(book_id, author_id) values (15, 19);
insert into book_author(book_id, author_id) values (4, 20);
insert into book_author(book_id, author_id) values (7, 20);
insert into book_author(book_id, author_id) values (9, 20);
insert into book_author(book_id, author_id) values (14, 20);